{"epoch":1,"_timestamp":1.7490606287249782e+09,"_runtime":5.384121596,"_step":0,"_wandb":{"runtime":5},"train_loss":1.4778974868689374}