{"_step":19,"val_loss":2.631022890408834,"_wandb":{"runtime":14},"train_loss":0.6533063273093883,"epoch":10,"_timestamp":1.7490608598353078e+09,"_runtime":14.857688395}