{"_timestamp":1.7491952786309655e+09,"_runtime":68.211396801,"_step":29,"val_loss":5.428309828894479,"_wandb":{"runtime":68},"train_loss":0.19686162558059914,"epoch":15}