{"val_loss":2.762342393398285,"_wandb":{"runtime":19},"train_loss":0.5899236847640602,"epoch":10,"_timestamp":1.7491113970809715e+09,"_runtime":19.911902373,"_step":19}