{"_runtime":63.302129832,"_step":29,"train_loss":0.204196779426342,"val_loss":5.346414470672608,"_wandb":{"runtime":63},"epoch":15,"_timestamp":1.749148045051014e+09}