{"_wandb":{"runtime":59},"train_loss":0.1996555760526619,"epoch":15,"_timestamp":1.7491335105107656e+09,"_runtime":59.871497458,"_step":29,"val_loss":5.106279284613473}