{"epoch":1,"_wandb":{"runtime":9},"_timestamp":1.7490599315959911e+09,"_runtime":8.985111156,"_step":0,"train_loss":1.4631876136846602}