{"_wandb":{"runtime":137},"train_loss":0.22227565527628787,"epoch":15,"_timestamp":1.7491438536218371e+09,"_runtime":137.26002292,"_step":29,"val_loss":5.528428292274475}