{"_runtime":23.35418284,"_step":19,"val_loss":2.5662174633571078,"_wandb":{"runtime":23},"train_loss":0.5420122873573638,"epoch":10,"_timestamp":1.7491206155913675e+09}