{"_step":19,"train_loss":0.5320806812268858,"val_loss":2.89663759299687,"_wandb":{"runtime":30},"epoch":10,"_timestamp":1.7491205030265968e+09,"_runtime":30.436339664}