{"train_loss":0.6383933178178823,"epoch":10,"_timestamp":1.7490608598343382e+09,"_runtime":12.021606167,"_step":19,"val_loss":2.5629575384987726,"_wandb":{"runtime":12}}