{"epoch":15,"_timestamp":1.749144242269024e+09,"_runtime":136.09202522,"_step":29,"val_loss":5.017065037999834,"_wandb":{"runtime":136},"train_loss":0.2159732957772268}