{"_timestamp":1.7491490413390832e+09,"_runtime":49.368741704,"_step":29,"val_loss":5.123025737489972,"_wandb":{"runtime":49},"train_loss":0.20071372662346584,"epoch":15}