{"_timestamp":1.749059931598901e+09,"_runtime":6.105648098,"_step":0,"train_loss":1.4605458898908774,"_wandb":{"runtime":6},"epoch":1}