{"val_loss":5.515956677709307,"_wandb":{"runtime":74},"_step":29,"train_loss":0.17558635049425184,"epoch":15,"_timestamp":1.749195971287767e+09,"_runtime":74.761171565}