{"train_loss":1.4715911271465811,"_wandb":{"runtime":3},"epoch":1,"_timestamp":1.7490606287254856e+09,"_runtime":2.59122917,"_step":0}