{"val_loss":5.389713730130877,"_wandb":{"runtime":57},"_timestamp":1.7491336932216594e+09,"_runtime":57.082341754,"_step":29,"train_loss":0.18981757995705253,"epoch":15}