{"_timestamp":1.749111397083058e+09,"val_loss":2.6385472416877747,"_wandb":{"runtime":35},"_runtime":34.999086755,"_step":19,"train_loss":0.6050655570972687,"epoch":10}