{"_wandb":{"runtime":78},"train_loss":0.17194943206783492,"epoch":15,"_timestamp":1.7491934810626872e+09,"_runtime":78.170190669,"_step":29,"val_loss":6.063272762298584}