{"_wandb":{"runtime":21},"train_loss":0.44556012903206266,"epoch":10,"_timestamp":1.7490628684135187e+09,"_runtime":21.083935375,"_step":19,"val_loss":2.633927573476519}