{"train_loss":0.20543533978989711,"epoch":15,"_timestamp":1.7491487896554418e+09,"_runtime":49.212683089,"_step":29,"val_loss":5.283272569520133,"_wandb":{"runtime":49}}