{"_runtime":50.517071415,"_step":29,"val_loss":4.8695247309548515,"_wandb":{"runtime":50},"train_loss":0.1945996732055284,"epoch":15,"_timestamp":1.7491496428249345e+09}